,comments
6,*VACCINATED
12,1120 ad only
66,250 FISH CHECKED FOR PRECOCITY WITH 0 BEING PRECOCIOUS
67,28.8% CWT rel at Big Cr Hatchery
68,28% of CWT rel at Blind Slough
69,28132 mm
70,"29,442 at Mosby Cr."
71,3000 PIT; POND 28; BIRD PRED; S.SEBRING; 052011C007 ASSOC to 090366
72,34% CWT (7981) reared and released at TP
73,37 percent of CWT to Coast Fork Willamette
74,"37,711 tag released at Rogers Cr, MidFk Hood with 4700 nontagged, related 090725"
75,4 week salt transfer diet
76,4.8% released in June
77,4.9% released in June
78,41% CWT ForceRL 59%VolRL. MM fish later
79,49.8% Imeques 50.2% Thornhollow LC183103
80,5 percent released 6 weeks later
81,"51% Clear Cr Acc, 49% Dog Cr. FLR 177426 165798 165799"
82,52% Imeques 48% Pendleton Acc
83,5935 chum tagged excluded from counts.
84,6 week Saltwater transfer diet
85,6.63% rel at Cole Rivers Hatchery
86,6668 chum tagged excluded from counts.
87,80% SMOLTED 20% PARR
88,"82,153 FISH INTO ROW RIVER;TRIB OF WILLAMETTE43,955 FISH INTO MOSBY CR.ENGELKING"
89,8536 of CWT'd released at Tongue Point
90,accidental clip so not DIT
91,"ACCLIMATED AT FERRY CREEK,COMPLETED JUNE 21,2012  FLR;114673 114674       MARK"
95,All fish destroyed by landslide
96,All fish differentially otolith marked
97,ALL FISH TOWED TO ROCKY POINT AND RELEASED.
98,All otolith marked; FLR 162180; hme entered 4/1/2014
99,All otolith thermally marked
100,All thermally otolith marked
101,ALSO FROM TRASK AND STEP;REHN VO0167;                                ENGELKING
102,Anvil fire early release
143,Autogenous Vibreosis vaccine study group
144,Autogenous Vibrosis vaccine study group
145,Avg weight less than ordinary for program. Fish in good condition. FLR 164690.
146,bear springs yearlings
147,Bear Springs yearlings
148,Bear Springs Yearlings R.M. 34
149,Bigs
150,BIO CFJ02 LeftEye Red + CWT in Snout or CWT in snout + PIT tag
151,BIO CFJ04 LeftEye Red + CWT in Posterior Dorsa or CWT in snout + PIT tag
152,BIO CFJ06 LeftEye Red + CWT in Snout or CWT in snout + PIT tag
153,BIO ESJ02 LeftEye Green + CWT in Snout or CWT in snout + PIT tag
154,BIO ESJ04 LeftEye Green + CWT in Snout or CWT in snout + PIT tag
155,BIO ESJ06 LeftEye Green + CWT in Snout or CWT in snout + PIT tag
156,BIO JCJ02 LeftEye Orange + CWT in Snout or CWT in snout + PIT tag
157,BIO JCJ04 LeftEye Orange + CWT in Snout or CWT in snout + PIT tag
158,BIO JCJ06 LeftEye Orange + CWT in Snout or CWT in snout + PIT tag
160,"BO=MIXED(HxW) 12 HOUR VOLITIONAL RELEASE, WITH FULL POND DRAWDOWN AFTER DUSK."
173,BO=MIXED(HxW) ALL TAGGED FISH WERE 100% (BONNEVILLE HAD MADE THE ADJUSTMENT FOR TAG RETENTION WHEN SENT TO US.
174,"BO=MIXED(HxW) CAPTIVE BROOD PROGENY, BY2021 SORTS"
175,BO=MIXED(HxW) DUNGENESS GROUP
176,BO=MIXED(HxW) FISH MOVED TO CO.LINE POND 6/5/12 SCREEN PULLED AFTER THREE DAYS
178,BO=MIXED(HxW) FISH WERE RELEASE DOWNSTREAM FROM CURL LAKE DUE TO FLOODING ISSUES
179,"BO=MIXED(HxW) FISH WERE RELEASED EARLY DUE TO EXTREMELY LOW FLOW, LOW DOS, AND PERSISTENT FISH HEALTH ISSUES (BKD)."
181,BO=MIXED(HxW) HURD GROUP
182,BO=MIXED(HxW) KENDALL RELEASE
185,BO=MIXED(HxW) LOADED ON BARGE AT LYONS FERRY BARGE DOCK
187,BO=MIXED(HxW) NIGHT RELEASE
190,BO=MIXED(HxW) OUT OF 1501 SAMPLED THERE WAS ONE UNMARKED/UNTAGGED WHICH OUT OF THE TOTAL 200900 FISH RELEASED EQUALED 141
191,"BO=MIXED(HxW) OUT OF THE THE 1,510 FISH SAMPLED THERE WAS AN ADDITIONAL 6 FISH THAT DID NOT HAVE AN AD CLIP OR CWT, WHICH = 991 UNMARKED/UNTAGGED OUT OF THE 249,062 FISH RELEASED IN THE AD+CWT GROUP."
192,BO=MIXED(HxW) PLANT 18639 EXTRA FISH OF METHOW.
193,"BO=MIXED(HxW) PLANTED IN HIGH TURBIDITY, APPROX 1500 FNU'S"
194,BO=MIXED(HxW) PLANTED JUST BELOW SCHOOLHOUSE BRIDGE AT SMOLT TRAP
195,BO=MIXED(HxW) POND 9 GOT SICK WITH COSTIA AND BGD WHICH STUNTED THEIR GROWTH FOR WEEKS.  WE ADDED TAGGED FISH FROM RACEWAYS WHICH MADE FOR A BAD CV
196,BO=MIXED(HxW) RELEASE EARLY DUE TO CRYPTOBIA
198,BO=MIXED(HxW) RELEASED INTO BOYD'S CREEK
199,BO=MIXED(HxW) RELEASED STRAIGHT FROM HATCHERY.
200,BO=MIXED(HxW) SLIGHT CRYPTOBIA IN POPULATION
201,BO=MIXED(HxW) SOME OTTER ACTIVITY IN POND DRAIN
202,"BO=MIXED(HxW) THE 106,972 @ 47 F/LB WERE RELEASED EARLY DUE TO LOW AND WARM WATER TEMPERATURES"
203,"BO=MIXED(HxW) THERE WAS 1 UNMARKED/UNTAGGED OUT OF THE 1,514 FISH QC WHICH EQUALED 139 UNMARKED/UNTAGGED FISH OUT OF 199,300 FISH PLANTED"
204,BO=MIXED(HxW) THERE WAS HEAVY PREDATION AT THE MOUTH OF MORSE CREEK JUST AFTER THE PLANT.
205,BO=MIXED(HxW) THESE FISH WERE SPLIT INTO 2 PONDSWHEN RECIEVED JUST KEPT IN ONE RACEWAY ON FISH BOOKS THEY ARE THE SAME TAG CODE.
208,BO=MIXED(HxW) TPU IS TAGGING 100% OF SMOLTS COLLECTED AT MAYFIELD DAM
209,BO=MIXED(HxW) TPU STAFF ARE TAGGING 100% OF SMOLTS COLLECTED AT MAYFIELD DAM
210,BO=MIXED(HxW) TPU STAFF IS TAGGING 100% OF SMOLTS CAPTURED AT MAYFIELD DAM
211,BO=MIXED(HxW) TPU STAFF IS TAGGING 100% OF SMOLTS COLLECTED AT MAYFIELD DAM
212,BO=MIXED(HxW) TPU STAFF TAG 100% OF SMOLTS COLLECTED AT MAYFIELD DAM
213,BO=MIXED(HxW) TWO WEEK VOLITIONAL RELEASE
214,BO=MIXED(HxW) VOLITIONAL RELEASE AND THEN REMAINDER OF FISH ON JUNE 7TH FORCED OUT OF POND.
215,"BO=MIXED(HxW) VOLITIONAL RELEASE FOR 2 WEEKS, REQUIRED TO SHUT OFF RIVER PUMPS ON APRIL 30."
216,BO=MIXED(HxW) WDFW RECEIVED AGREEMENT TO THIS EARLY RELEASE FROM ALL TRIBAL CO-MANAGERS AND THE NWIFC FISH HEALTH UNIT.
217,BO=W(WILD)
218,BO=W(WILD) 11:00AM
219,"BO=W(WILD) FISH LOOKED GOOD THIS YEAR, LOW LOSS. VOLITIONAL STARTED ON THE 19TH AND THE LAST OF THE FISH WERE FORCED OUT ON THE 27TH."
220,BO=W(WILD) FORCED NIGHT RELEASE.
221,BO=W(WILD) FPP IS ESTIMATE.  NOT RECORDED.
222,BO=W(WILD) FPP IS THE AVERAGE BETWEEN LENGTH AND SAMPLES.
223,BO=W(WILD) FPP IS THE AVERAGE BETWEEN THE TWO SIZE GROUPS
224,BO=W(WILD) FPP IS THE AVERAGE BETWEEN THE TWO SIZE GROUPS.
225,BO=W(WILD) HIGH ELISA FISH GOT PLANTED STRAIGHT INTO THE WENATCHEE RIVER BY RIGHT BANK. BROKE OUT WITH BKD BEFORE THE OTHER WENATCHEES WENT TO DRYDEN SO THEY COULDN'T BE MIXED.
226,"BO=W(WILD) MERGANSERS IN POND, AND DIDN'T SUBTRACT LOSS."
227,BO=W(WILD) OVER ALL FISH LOOKED GREAT
228,BO=W(WILD) RELEASE THE FISH FROM DRYDEN EARLY DUE TO DIRTY WATER BKD AND FUNGUS.
229,BO=W(WILD) THESE ARE PIT TAGGED FROM CHELAN PUD 1263 FOR THIS ENTIRE POPULATION.
230,BO=W(WILD) VOLITIONAL RELEASE NUMBERS ARE ESTIMATES.
231,BO=W(WILD) WE HAVE TO PUSH THE FISH ON 4/21/2021 DUE TO SICK FISH. FISH PER POUND IS AVERAGE BETWEEN LENGTH AND SAMPLES
232,BO=W(WILD) WILD FALL CHINOOK WITH ADIPOSE INTACT
233,BO=W(WILD) WILD FALL CHINOOK WITH ADIPOSE INTACT.
234,Bull Run Acc
235,"Bull Run Acc. FLR 156069,156070. 663 ADCWT Rel at TP Astoria, !05NT1836."
236,"BY13 int. sum ck release, includes Sim. And Omak ponds, 5,000 PIT tags in group"
237,"BY13 int. sum ck release, includes two sites Similkameen and Omak ponds"
238,"BY13 integrated 10j spring Chinook release, 5,000 PIT tags in release group"
239,BY13 integrated subyearlings
240,BY13 integrated summer Chinook release
241,"BY13 segregated hatchery spring chinook release, 5,000 PIT tags in release group"
242,"BY13 segregated summer Chiook release, 5,000 PIT tags in release group"
243,"BY14 integrated 10j spring Chinook yearling release, 5,000 PIT tags in group"
244,"BY14 integrated subyearling, 5,000 PIT tags in release group"
245,"BY14 integrated summer Chinook release, 5,000 PIT tags in release group"
246,"BY14 integrated summer Chinook yearling release, 5,000 PIT tags in release group"
247,"BY14 segregated spring Chinook yearling release, 5,000 PIT tags in release group"
248,"BY14 segregated subyearlings, 5,000 PIT tags in release group"
249,"BY14 segregated summer Chinook yearling release, 5,000 PIT tags in release group"
250,"BY15 integrated 10j spring chinook yearlings, 5,000 PIT tags in release group"
251,"BY15 integrated subyearling release, 5,000 PIT tags in release group"
252,"BY15 integrated summer Chinook yearlings, 5,000 PIT tags in release group"
253,"BY15 segregated spring Chinook yearlings, 5,000 PIT tags in release group"
254,"BY15 segregated subyearling release at CJH, 5,000 PIT tags in release group"
255,"BY15 segregated summer Chinook yearlings, 5,000 PIT tags in release group"
256,"BY16 CJH segregated subyearlings, 5,000 PIT tags in release group"
257,"BY16 integrated 10j yearlings, 5,000 PIT tags in release group"
258,"BY16 integrated subyearlings, 5,000 PIT tags in release group"
259,"BY16 integrated yearlings, 5,000 PIT tags in release group"
260,"BY16 segregated yearlings, 5,000 PIT tags in release group"
261,"BY17 integrated 10j spring Chinook release, 5,000 PIT tags in release group"
262,"BY17 integrated hatchery release, 5,000 PIT tags in release group"
263,"BY17 integrated yearling releases, 5,000 PIT tags in release group"
264,"BY17 segregated subyearling release, 5,000 PIT tags in release group"
265,"BY17 Segregated summer yearling release, 5,000 PIT tags in release group"
266,"BY17 segregated yearling releases, 5,000 PIT tags in release group"
267,"BY18 integrated 10j yearlings, 5,000 PIT tags in release group"
268,"BY18 integrated yearlings, 5,000 PIT tags in release group"
269,"BY18 segregated yearlings, 5,000 PIT tags in release group"
270,"BY19 integrated 10j spring yearling release, 5,000 PIT tags in group"
271,"BY19 integrated subyearlings, 5,000 PIT tags in release group"
272,"BY19 integrated summer yearling release, 5,000 PIT tags in group"
273,"BY19 integrated summer yearling release, 5,000 PIT tags in release group"
274,"BY19 segregated spring Chinook yearling release, 5,000 PIT tags in release group"
275,"BY19 segregated subyearling, release, 5,000 PIT tags in release group"
276,"BY19 segregated summer yearling release, 5,000 PIT tags in release group"
277,"BY20 integrated 10j spring Chinook release, 5,000 PIT tags in release group"
278,"BY20 integrated subyearling release, 5,000 PIT tags in release group"
279,"BY20 integrated summer Chinook yearling release, 5,000 PIT tags in release group"
280,"BY20 segregated spring Chinook yearling release, 5,000 PIT tags in release group"
281,"BY20 segregated subyearling release, 5,000 PIT tags in release group"
282,"BY20 segregated summer yearling release, 5,000 PIT tags in release group"
283,"BY21 integrated 10j spring Chinook release, 5,000 PIT tags in release group"
284,BY21 integrated summer Chinook yearling release
285,"BY21 segregated spring Chinook yearling release, 5,000 PIT tags in release group"
286,"BY21 segregated summer Chinook yearling release, 5,000 PIT tags in release group"
287,"BY21 segretaed summer Chinook subyearling release, 5,000 PIT tags in release group"
288,"BY22 integrated 10j spring Chinook release, 5,000 PIT tags in release group"
289,"BY22 integrated summer Chinook yearling release, 5000 PIT tags in release group"
290,"BY22 segregated Chinook subyearling release, 5,000 PIT tags in release group"
291,"BY22 segregated spring Chinook yearling release, 5,000 PIT tags in release group"
292,BY22 segregated summer Chinook yearling release
293,"BY22 segregated summer Chinook yearling release, 5,000 PIT tags in release group"
317,Captive brood progeny
318,CFJ01 RightEye Red + CWT in Posterior Dorsa or CWT in snout + PIT tag
319,CFJ01 RightEye Red + CWT in Snout or CWT in snout + PIT tag
320,CFJ02 LeftEye Red + CWT in Posterior Dorsa or CWT in snout + PIT tag
321,CFJ02 LeftEye Red + CWT in Snout or CWT in snout + PIT tag
322,CFJ03 RightEye Red + CWT in Snout or CWT in snout + PIT tag
323,CFJ04 LeftEye Red + CWT in Snout or CWT in snout + PIT tag
324,CFJ05 RightEye Red + CWT in Posterior Dorsa or CWT in snout + PIT tag
325,CFJ05 RightEye Red + CWT in Snout or CWT in snout + PIT tag
326,CFJ06 LeftEye Red + CWT in Posterior Dorsa or CWT in snout + PIT tag
327,CFJ06 LeftEye Red + CWT in Snout or CWT in snout + PIT tag
328,"ChF release from Pendleton; DI related cwt 090682,090684,090683,090686,NT1935BW"
329,"ChF release from Pendleton; DI related cwt 090682,090684,090685,090683,NT1935BW"
330,"ChF release from Pendleton; DI related cwt 090682,090684,090685,090686,NT1935BW"
331,CHF SUBYEARLING FROM REITH BRIDGE;ASSOC C019 090585 NT1648BW C019;    ENGELKING
332,CHF SUBYEARLING TO REITH BRIDGE WITH BWTASSOC RELEASE CO19;090586 NT1648BW   HME
333,"CHS RELEASE FROM IMEQUES   ACCL TO UMATILLA R. ASSOC 090471;090470, 090485 C018"
334,"CHS RELEASE FROM THORNHOLLOW ACCL  UMATILLA R.;ASSOC C018,090485,090471,090469"
335,Control group no vaccine
336,cv @ tagging 5.1
337,"CV EDITED PER C. DEAN, J. KORDOSKY 12/30/2020."
353,CWT RETENTION DATA FROM POND D12; PRODUCTION IN C BANK              ENGELKING
354,CWT Volitional; AD-RV Forced
355,DEEP RIVER WATER TEMP 63.1
356,Differential otolith marked
357,"DIRECT RELEASE FROM REITH BR. ASSOC. W/ C011,NT1737BW,& 090704."
358,Direct release from Reith Br. Pds 01B & 02B. SRB.
359,Direct release through Pendleton pond 1.
360,"Direct release, Reith Br. FLRs 162520 & 521. Pds 01A & 02A."
361,"DIRECT RELEASE,REITH BR. ASSOC. WITH C011 & NT1737BW & 090705."
362,Direct stream @ Harris Park
363,Direct stream @ SFWW Adult Holding Facility
364,Direct stream @ Walla Walla Hatchery
365,Direct stream at ?Imtwaha Fish Hatchery (Formerly named Walla Walla Hatchery)
366,Double index to 090719 and NT1952BW
367,Double Index with 090729 and NT1952BW
368,early
369,Early
370,EARLY GROUP;LATE GROUP END OF MONTH HAS NO CWT TAGGED FISH            HME
371,EARLY REARED AT LEABURG HATCHERY        ENGELKING
372,EARLY RELEASE FALL CHINOOK
373,EARLY RELEASE GROUP
374,EARLY RELEASE GROUP (CWT# 638558)
375,early sub yearling
376,"Early summer, or early release"
377,Early yearling release
378,electron release
379,Emergency release due to ice from Imeques Acc; FLR 161799
380,Emergency release due to ice from Thornhollow; FLR 161800
381,ENGELKING
382,Entered. JM; FLR 165033-034; related CWT 090877; Grp ID C003 hme
383,ESJ01 RightEye Green + CWT in Snout or CWT in snout + PIT tag
384,ESJ02 LeftEye Green + CWT in Snout or CWT in snout + PIT tag
385,ESJ03 RightEye Green + CWT in Snout or CWT in snout + PIT tag
386,ESJ04 LeftEye Green + CWT in Snout or CWT in snout + PIT tag
387,ESJ05 RightEye Green + CWT in Snout or CWT in snout + PIT tag
388,ESJ06 LeftEye Green + CWT in Snout or CWT in snout + PIT tag
389,Est. 377 CWT only fish ad clipped due to screen issue.
401,"EXPT RELEASE IN RESERVIOR;FLR 149524, MONGOLD BOAT RAMP, TOM FRIESEN WMBIOP; HME"
402,Feed Study RM 10
403,Ferry Cr Acc
404,Fish from Lyons Ferry Hatchery Washington; FLR 157472 157570;near Cougar Ck
405,"Fish healthy, high water release-muddy"
406,Fish in good health. River little high and colored. 20 or so small ones @ 300/lb
407,FISH MOVE AND SUBSEQUENT RELEASE TIMING DELAYED DUE TO FISH HEALTH ISSUES AND LONGER THAN NORMAL MASS MARKING PROJECT DURATION. FISH RELEASED VOLITIONALLY. REMAINING FISH FORCED OUT 4/26/21 (AROUND 15
408,FISH MOVED FROM ELK RIVER HATCHERY TO   FERRY CR ACCLIMATION;      HME
409,FISH RELEASED BELOW CHAMBERS TRAP LADDER ON AFTERNOON FLOOD TIDE (9.19' HIGH). FISH RELEASED IN AUGUST TO ALLOW FOR CONSTRUCTION TO BEGIN AT GARRISON.
410,fish vaccinated
411,FISH WERE RELEASED @ DRNP SITE AND WERE NOT TOWED OUT THIS YEAR.
412,FisRelBelHelCanDam FLRs:150887 - 150894.
413,FLOOD AND MUD SLIDE FILLED POND 10 WITH MUD AND LOGS SO A EMERGENCY RELEASE WAS DONE ON POND #10
1039,FORCED NIGHT RELEASE.
1040,FROM MCKENZIE   - OTOLITH MARKS 6 REPETITIONS                        ENGELKING
1041,"From McKenzie Hat, FLR 155736 &155742  - 48378 no tag released 4/23/14"
1042,FROM SO SANTIAM HATCHERY;ASSOC 090373   ;C023 FLR144157 144158       HME
1043,Grande Ronde Acc
1044,Hammer Cr. (Salmon R) Idaho
1045,HANFORD REACH WILD FALL CHINOOK >60 MM
1046,HANFORD REACH WILD FALL CHINOOK 48-60 MM
1047,HANFORD REACH WILD FALL CHINOOK 60-80 MM
1048,HATCHERY OF ORIGIN IN MCKENZIE                                        ENGELKING
1049,HATCHERY OF ORIGIN IS KLASKANINE AND SF KLASKANINE                     ENGELKING
1050,HATCHERY OF ORIGIN IS KLASKANINE/SF KLASKANINE                        HME
1051,hatchery of origin is Leaburg; FLR 155735 all fish otolith marked; hme
1052,HATCHERY OF ORIGIN IS MCKENZIE
1053,HATCHERY OF ORIGIN IS MCKENZIE                                              HME
1054,HATCHERY OF ORIGIN IS MCKENZIE HATCHERY
1055,HATCHERY OF ORIGIN IS SF KLASKANINE     FISH HEALTHY AND SMOLTED     ENGELKING
1056,"HATCHERY OF ORIGIN IS SF KLASKANINE;100% SMOLTED,SHEDDING SCALES;HEALTHY    MARK"
1057,HATCHERY RELEASE                                                   ENGELKING
1058,High Fat - Low Ration. Direct fr Bonneville pond A12 at 1500hr FLR 156843 156865
1059,High Fat - Low Ration. Pendleton Acc pond 4. 0800. FLR 166575.
1060,high salinity group 20pt@600FPP
1061,IDAHO POWER COMPANY MITIGATION RELEASE IN SNAKE RIVER; MARK SUCHY      ENGELKING
1062,Imeques
1063,Imeques Acc.  50/50 Feb/April release - ice emergency in Feb.
1064,Immediate transfer to Mcallister
1065,includes 8122ADCWT 10380AD released 9/30/2022 40.69fpp rest at 20.0fpp 4/1/2023
1066,INDEX STOCK;                                                        ENGELKING
1067,JACK CREEK PARR STUDY.
1068,JCJ01 RightEye Orange + CWT in Snout or CWT in snout + PIT tag
1069,JCJ02 LeftEye Orange + CWT in Snout or CWT in snout + PIT tag
1070,JCJ03 RightEye Orange + CWT in Snout or CWT in snout + PIT tag
1071,JCJ04 LeftEye Orange + CWT in Snout or CWT in snout + PIT tag
1072,JCJ05 RightEye Orange + CWT in Snout or CWT in snout + PIT tag
1073,JCJ06 LeftEye Orange + CWT in Snout or CWT in snout + PIT tag
1074,late
1075,Late
1076,"late lot, late release"
1077,late release
1078,Late release
1079,Late Release
1080,LATE RELEASE GROUP (CWT 638273). RELEASED AT CHAMBERS BAY INTO FLOOD TIDE (13.34' HIGH). FISH SMOLTING HEAVILY LEADING TO RELEASE AND OBSERVED LEAVING BAY IMMEDIATELY.
1081,LATE RELEASE GROUP. PLANTED INTO CHAMBERS BAY BELOW FISH LADDER.
1082,late zero release
1083,later
1094,LENGTH FREQUENCIES PRIOR TO RELEASE;LOOKED GREAT. FLR 164651 CALLED 52 STOCK!
1113,Lostine Acc NPT
1114,Low level frunc detected at release
1115,low salinity 10 ppt@600fpp
1116,low salinity 10ppt@600fpp
1161,Marblemount early release
1162,Marblemount yearlings
1163,Marked at Wells Hatchery
1164,"Marking sheet thought it was 1.9 million MM, but this was incorect"
1165,mass mark fish 9/21-10/28 at 19.11fpp avg
1166,McAllister release
1167,MID RELEASE CWT GROUP
1168,MIDDLE RELEASE GROUP (CWT# 638276). SCREEN PULLED 5/19/22 AT 8PM. 12.5' HIGH SLACK TIDE AT 9:45 PM. APPROXIMATELY 50% OF FISH GONE BY 5/20/22. 95% OF FISH GONE BY 5/23/22 AM.
1169,MILLICOMA STEP RUMREICH                                        ENGELKING
1170,Mixed/integrated sol duc yearling release
1171,"MM fish at Nestucca R, Nestucca Lower, and Beaver Cr trib"
1172,MORGAN CREEK STEP HATCHERY RELEASE                                     ENGELKING
1173,Mortality was increasing due to external parasites.
1174,Moving Falls Acc from Pelton Ladder Round Butte H.;Related to 618207
1175,N.F. early release
1176,N.F. yearlings
1177,narrows release from minter
1178,"NATURAL PRODUCED RELEASE,ASSOC WITH 093656 M023;4 RELEASES SIZE 250 TO 20F/LB"
1179,"NATURAL PRODUCTED RELEASE,ASSOC WITH 093655 M023;4 RELEASES SIZE 250-20F/LB"
1180,"NATURAL XNAT CROSSES;ASSOC CO18,090471;NAT. CONSERVATION GRP;50FISH RELEASE 5/17"
1181,"NET PEN FALLS.  UPDATED COUNT FROM 487,479 TO SUBTRACT MORTALITY OF 3,198."
1182,"NO FINAL QC, USED INITIAL"
1183,"No FLR, 47-96 Fish/lb, Seined Natural Fish, GTG"
1184,"No FLR, 61-92 Fish/lb, Seined Natural Fish, GTG"
1185,No FLR.
1186,No FLR. Fish released below Hells Canyon Dam.
1187,"NO RETENTION DATA TAKEN;2ND RELEASE 38,598 RELEASED AT THREE RIVERS;   ENGELKING"
1190,No Vaccine c-3
1191,Non captive brood progeny- river return fish
1192,non feed study
1202,NOTICIABLE BKD IN RELEASED FISH.  17 OF 500 FISH (3.4%)SHOWED SIGNS OF PERCOCITY
1203,off station release rm 24.8
1204,"ONLY AD MARKED FISH HAVE CWT PER DEBORAHMILKS WDFW SNAKE R LAB DAYTON,WA    MARK"
1205,"ORIGIN CLACKAMAS/LEABURG HAT; ASSOC 092053, was Rltd Grp ID C016"
1206,"ORIGIN CLACKAMAS/LEABURG HAT; FLR 155771; ASSOC 090589, was Rltd Grp C016"
1207,Origin HATCHERY MCKENZIE; FLR 155766                                        HME
1208,origin is Gnat Cr; high predation + possible furunculosis;FLR 155732
1209,ORIGIN KLASKANINE AND SF KLASKANINE;FLR  155728; 3.6% NO MARK
1210,ORIGIN SF KLASKANINE;FLR  155727;  NO MARK 3.2%
1211,OTOLITH MARKS - 6 REPETITIONS PONDS 16-18                            ENGELKING
1212,OTOLITH MARKS 6 REPETITIONS                                        HME
1213,OTOLITH MARKS 6 REPETITIONS                                      ENGELKING
1214,OTOLITH MARKS 6 REPETITIONS  PONDS 19-22                             ENGELKING
1215,Otolith marks 7 repetitions. JM
1216,OTOLITH MARKS-6 REPETITIONS. SRB
1217,Otoliths were marked 8 time; FLRs 153097 and 153098 entered 4/1/2014
1218,OTOTLITH MARKS 6 REPETITIONS                                        ENGELKING
1219,PARKDALE RELEASE
1220,PDS 9-13 AD ONLY;PD14 MIX OF AD ONLY AND AD CWT; 4750 NON TAGGED ON 3/22/13  HME
1221,PELTON LADDER TO MOVING FALLS ACC SITE;ASSOC WITH 618202;C015--IN WF HOOD R; HME
1222,pendleton acc
1223,Pendleton Acc
1224,Pendleton Acc emergency release freezing
1225,pendleton acc killer whale
1226,"PENDLETON ACC, PIT TAGGED 1420 FISH; ASSOC GRP C017;090489-090493;     ENGELKING"
1227,"PENDLETON ACC, PIT TAGGED 1445 FISH; ASSOC GRP C017;090489-090493; ENGELKING"
1228,"PENDLETON ACC, PIT TAGGED 1472 FISH; ASSOC GRP C017;090489-090493; ENGELKING"
1229,"PENDLETON ACC, PIT TAGGED 1551 FISH; 100RELEASED 5/17/12 BY RESEARCH 13/LB; HME"
1230,"PENDLETON ACC, PIT TAGGED 1910 FISH; ASSOC GRP C017;090489-090493;    HME"
1231,Pendleton Acclimated.
1245,Pittsburg Landing release due to high flows at HC. Idaho Power Co.
1246,PLANTED AT PEKINS BOAT LAUNCH.
1247,PLANTED AT PEKINS FERRY BOAT LAUNCH.
1248,PLANTED BY GRANT CO. PUD.  NUMBERS MAY BE INACCURATE. EDITED 6/28/2018 J. KORDOSKY.
1249,Pond 1
1250,POND 11 WILLAMETTE
1251,POND 13 AND 14 CWT FISH                                        ENGELKING
1252,"POND 13 MIX OF CWT AND NON -CWT;14 ALL CWT; PONDS 8-12 NON CWT, PRICE/ ENGELKING"
1253,Pond 16.
1254,Pond 2
1255,Pond LC1.
1256,Pond LC2.
1257,Pond LC3.
1258,Prelim Data as Acclimated
1259,PRELIMINARY DATA NO RETENTION DATA                                     ENGELKING
1260,PRELIMINARY DATA NO RETENTION DATA; ASSOC WITH 090483 090482 C014   ENGELKING
1261,PRELIMINARY DATA NO RETENTION DATA;FLR 155820 AND 155821;                    HME
1262,PRELIMINARY DATA NO RETENTION DATA;PIT TAG 1028 FISH;ASSOC 090394 C009;ENGELKING
1263,PRELIMINARY DATA NO RETENTION DATA;PIT TAG 1028 FISH;ASSOC 090395 C009;ENGELKING
1264,preliminary data;FLR 162260; ASSOC 090755;  C005  JM        HME
1265,"Preliminary data;FLR 162260; ASSOC WITH 090754  code 14C005,      HME"
1266,"PRELIMINARY RESULTS NO RETENTION DATA;FLR 154601, 154602           ENGELKING"
1267,"PRESMOLT REITH BRIDGE RELEASE;ASSOC 090433,090434,090435; C012         ENGELKING"
1268,"PRESMOLT RELEASE REITH BRIDGE;ASSOC 090436,090434,090433; C012         ENGELKING"
1269,"PRESMOLT RELEASE REITH BRIDGE;ASSOC 090436,090435,090433; C012         ENGELKING"
1270,"PRESMOLT RELEASE REITH BRIDGE;ASSOC 090436,090435,090434; C012         ENGELKING"
1271,"PRESMOLT RELEASE;FLR 138645,154554,PIT TAG 5927 FISH,LOOKOUT PT.RES.PRELIMINARY"
1272,"Presmolts look great prior to release, FLR  164661"
1273,Pro CFJ01 LeftEye Red + CWT in Posterior Dorsa or CWT in snout + PIT tag
1274,PRO CFJ01 RightEye Red + CWT in Posterior Dorsa or CWT in snout + PIT tag
1275,PRO CFJ01 RightEye Red + CWT in Snout or CWT in snout + PIT tag
1276,PRO CFJ02 LeftEye Red + CWT in Snout or CWT in snout + PIT tag
1277,PRO CFJ02 RightEye Red + CWT in Posterior Dorsa or CWT in snout + PIT tag
1278,PRO CFJ03 RightEye Red + CWT in Snout or CWT in snout + PIT tag
1279,Pro CFJ04 LeftEye Red + CWT in Snout or CWT in snout + PIT tag
1280,PRO CFJ04 LeftEye Red + CWT in Snout or CWT in snout + PIT tag
1281,PRO CFJ04 RightEye Red + CWT in Snout or CWT in snout + PIT tag
1282,Pro CFJ05 LeftEye Red + CWT in Posterior Dorsa or CWT in snout + PIT tag
1283,PRO CFJ05 RightEye Red + CWT in Posterior Dorsa or CWT in snout + PIT tag
1284,PRO CFJ05 RightEye Red + CWT in Snout or CWT in snout + PIT tag
1285,PRO CFJ06 LeftEye Red + CWT in Posterior Dorsa or CWT in snout + PIT tag
1286,PRO CFJ06 RightEye Red + CWT in Posterior Dorsa or CWT in snout + PIT tag
1287,PRO CFJ06 RightEye Red + CWT in Snout or CWT in snout + PIT tag
1288,Pro ESJ01 LeftEye Green + CWT in Snout or CWT in snout + PIT tag
1289,PRO ESJ01 RightEye Green + CWT in Snout or CWT in snout + PIT tag
1290,PRO ESJ02 LeftEye Green + CWT in Snout or CWT in snout + PIT tag
1291,PRO ESJ02 RightEye Green + CWT in Snout or CWT in snout + PIT tag
1292,Pro ESJ03 LeftEye Green + CWT in Snout or CWT in snout + PIT tag
1293,PRO ESJ03 RightEye Green + CWT in Snout or CWT in snout + PIT tag
1294,PRO ESJ04 LeftEye Green + CWT in Snout or CWT in snout + PIT tag
1295,PRO ESJ04 RightEye Green + CWT in Snout or CWT in snout + PIT tag
1296,Pro ESJ05 LeftEye Green + CWT in Snout or CWT in snout + PIT tag
1297,PRO ESJ05 RightEye Green + CWT in Snout or CWT in snout + PIT tag
1298,PRO ESJ06 LeftEye Green + CWT in Snout or CWT in snout + PIT tag
1299,PRO ESJ06 RightEye Green + CWT in Snout or CWT in snout + PIT tag
1300,Pro JCJ01 LeftEye Orange + CWT in Snout or CWT in snout + PIT tag
1301,PRO JCJ01 RightEye Orange + CWT in Snout or CWT in snout + PIT tag
1302,PRO JCJ02 LeftEye Orange + CWT in Snout or CWT in snout + PIT tag
1303,PRO JCJ02 RightEye Orange + CWT in Snout or CWT in snout + PIT tag
1304,Pro JCJ03 LeftEye Orange + CWT in Snout or CWT in snout + PIT tag
1305,PRO JCJ03 RightEye Orange + CWT in Snout or CWT in snout + PIT tag
1306,PRO JCJ04 LeftEye Orange + CWT in Snout or CWT in snout + PIT tag
1307,PRO JCJ04 RightEye Orange + CWT in Snout or CWT in snout + PIT tag
1308,Pro JCJ05 LeftEye Orange + CWT in Snout or CWT in snout + PIT tag
1309,PRO JCJ05 RightEye Orange + CWT in Snout or CWT in snout + PIT tag
1310,PRO JCJ06 LeftEye Orange + CWT in Snout or CWT in snout + PIT tag
1311,PRO JCJ06 RightEye Orange + CWT in Snout or CWT in snout + PIT tag
1313,Prosser
1314,R. M. 10
1315,R. M. 30
1316,R.M. 10
1317,R.M. 20
1318,R.M. 30
1319,R.M.30
1320,REARED CARSON NFH;ACC. AT MOVING FALLS ACC SITE;ASSOC WITH 090480;C015;ENGELKING
1321,"RELATED CWT 090884; Grp ID C003; FLR 165035, 165037 hme"
1322,related tc 636917
1323,Release derrived with electronic counter
1324,RELEASE FROM STEP HATCHERY MILLICOMA POND                             ENGELKING
1325,RELEASE RPT FROM 9/9/2013;DAVID WELCH
1326,RELEASED AT IMEQUES ACCL. ASSOC.W/ C012.090643 & NT1738BW.
1327,RELEASED AT IMEQUES ACCL. ASSOC.WITH C012. 090652 & NT1738BW.
1328,RELEASED AT NIGHT
1329,RELEASED AT THORNHOLLOW ACCL. TRANSFERRED TO T-HOLLOW 11/20/12.
1330,RELEASED BELOW CHAMBERS TRAP LADDER. OUTGOING TIDE TO -.39'(7.5' AT TIME OF RELEASE). FISH OBSERVED DISPERSING AND HEADING OUT IMMEDIATELY.
1331,"Released below Hells Canyon Dam, Idaho. Ent'd by SRB."
1332,RELEASED BY IDAHO POWER AT HELLS CANYON DAM                               HME
1333,RELEASED DIRECTLY INTO CHAMBERS BAY.
1334,"Released from Pendleton;related tags 090682,090683,090685,090686,NT1935BW"
1335,"Released from Pendleton: related tags 090683,090684,090685,090686,NT1935BW"
1336,RELEASED HELLS CANYON DAM; MARK SUCHY BYIDAHO POWER                  ENGELKING
1337,RELEASED IN THE EVENING TO MINIMIZE PREDATION.
1338,"RESEARCH RELEASE OF 60 FISH 5/17.ASSOC WITH 090469,090485,090470 C018;       HME"
1339,Retention based on trailer QC
1340,RETENTION CHECK IN POND C4;BRETT RECQUA FLR 158901 TO 158912;                 H
1341,RETENTION D12;FLR 152264 TO 152274
1342,"retention from yearlings, rel # from hatchery"
1343,REVISED PER J. RIST;TULE FLR 110819                                   HME
1344,RM 10
1345,rm 24.8 upriver release
1346,RM 30
1347,RM 30 adults + IHN
1348,"salinity study, vaccinated low salinity group 10 ppt @ 600 fpp"
1349,salt water transfer feed trial
1363,SF Klaskanine is hatchery of origin. Entd by SRB. FLR 155748
1364,should be 0501050103 Changed to 0 tagged created new record for 0501050103
1365,size 20-200f/lb; Exptl release of seined fish from Salmon R; 093651 13M004
1366,size 20-200f/lb; Exptl release of seined fish from Salmon R; 093652 related
1367,Smolts released from Goat Wall Pond in 2022.
1369,STEP HATCHERY RELEASE                                        ENGELKING
1370,STEP RELEASE RUMREICH VO1162;PRELIMINARY DATA NEED RETENTION DATA      ENGELKING
1371,STEP RELEASE TOM RUMREICH
1372,STEP-T RUMREICH. Chgd b.y. 7/28/14 SRB.      ENGELKING
1373,"STEP, T.RUMREICH.7/28/14 chgd B.Y.                                     ENGELKING"
1374,STF CFJ01 RightEye Red + CWT in Snout or CWT in snout + PIT tag
1375,STF CFJ03 RightEye Red + CWT in Posterior Dorsa or CWT in snout + PIT tag
1376,STF CFJ05 RightEye Red + CWT in Snout or CWT in snout + PIT tag
1377,STF ESJ01 RightEye Green + CWT in Snout or CWT in snout + PIT tag
1378,STF ESJ03 RightEye Green + CWT in Snout or CWT in snout + PIT tag
1379,STF ESJ05 RightEye Green + CWT in Snout or CWT in snout + PIT tag
1380,STF JCJ01 RightEye Orange + CWT in Snout or CWT in snout + PIT tag
1381,STF JCJ03 RightEye Orange + CWT in Snout or CWT in snout + PIT tag
1382,STF JCJ05 RightEye Orange + CWT in Snout or CWT in snout + PIT tag
1383,TAGGED 5/10/11 FROM WILLAMETTE H;ASSOC W 090372; C023          HME
1384,TAGGED 5/27/11                                                      ENGELKING
1385,TAGGED FRY RELEASE                                                   ENGELKING
1386,TAGGED RELEASE HATCHERY AND TRASK POND; REHN -STEP RELEASE VO0167 36888 FISH;HME
1387,"THE SUB-YEARLING PROGAM WAS MADE UP OF DESCHUTES,MINTER,AND CHAMBERS STOCKS."
1388,"THIS IS A SMALL EXPERIMENTAL GROUP OF 2,000 FISH RAISED FOR TWO YEARS ONSITE.  THEY RECEIVED AD+CWT+LV UNIQUE MARKING."
1389,Thornhollow
1390,transfer diet control
1391,"transferred from Eastbank, BY20 summer yearling marked and released and CJH"
1392,Transport to Mill Creek river mile 25.5
1393,Transport to WW river mile 5
1394,"Trucked to Palmer, 100% otolith"
1395,"trucked to Palmer, 100% otolith marked"
1396,TULES HAULED FROM BC TO KK;24500 CWT RELEASED IN NF KLASKANINE ON 4/15/11   HME
1397,Under production due to disease and marking loss.  FLR 159426.
1398,under sized tagged later
1399,"Up River release RM 24.8, possible low survival"
1401,upriver release SF Noocksack RM 24.8
1402,vaccinated
1403,Vaccinated c-3
1404,vaccinated high salinity group 20ppt @600 fpp
1405,vaccine
1406,"vaccine  study, heavy mortality"
1407,"Vaccine control group, no vaccine"
1408,vaccine group
1409,vaccine study
1411,vibreo vaccinated
1412,vibrio vaccinated
1413,vibrio vaccine study group
1414,VIT CFJ01 LeftEye Red + CWT in Posterior Dorsa or CWT in snout + PIT tag
1415,VIT CFJ01 LeftEye Red + CWT in Snout or CWT in snout + PIT tag
1416,VIT CFJ01 RightEye Red + CWT in Snout or CWT in snout + PIT tag
1417,VIT CFJ02 LeftEye Red + CWT in Posterior Dorsa or CWT in snout + PIT tag
1418,VIT CFJ02 LeftEye Red + CWT in Snout or CWT in snout + PIT tag
1419,Vit CFJ02 RightEye Red + CWT in Posterior Dorsa or CWT in snout + PIT tag
1420,VIT CFJ02 RightEye Red + CWT in Snout or CWT in snout + PIT tag
1421,VIT CFJ03 LeftEye Red + CWT in Snout or CWT in snout + PIT tag
1422,Vit CFJ03 RightEye Red + CWT in Snout or CWT in snout + PIT tag
1423,VIT CFJ03 RightEye Red + CWT in Snout or CWT in snout + PIT tag
1424,VIT CFJ04 LeftEye Red + CWT in Snout or CWT in snout + PIT tag
1425,VIT CFJ04 RightEye Red + CWT in Snout or CWT in snout + PIT tag
1426,VIT CFJ05 LeftEye Red + CWT in Posterior Dorsa or CWT in snout + PIT tag
1427,VIT CFJ05 LeftEye Red + CWT in Snout or CWT in snout + PIT tag
1428,VIT CFJ05 RightEye Red + CWT in Posterior Dorsa or CWT in snout + PIT tag
1429,VIT CFJ06 LeftEye Red + CWT in Posterior Dorsa or CWT in snout + PIT tag
1430,VIT CFJ06 LeftEye Red + CWT in Snout or CWT in snout + PIT tag
1431,Vit CFJ06 RightEye Red + CWT in Posterior Dorsa or CWT in snout + PIT tag
1432,VIT CFJ06 RightEye Red + CWT in Posterior Dorsa or CWT in snout + PIT tag
1433,VIT ESJ01 LeftEye Green + CWT in Snout or CWT in snout + PIT tag
1434,VIT ESJ01 RightEye Green + CWT in Snout or CWT in snout + PIT tag
1435,VIT ESJ02 LeftEye Green + CWT in Snout or CWT in snout + PIT tag
1436,Vit ESJ02 RightEye Green + CWT in Snout or CWT in snout + PIT tag
1437,VIT ESJ02 RightEye Green + CWT in Snout or CWT in snout + PIT tag
1438,VIT ESJ03 LeftEye Green + CWT in Snout or CWT in snout + PIT tag
1439,VIT ESJ03 RightEye Green + CWT in Snout or CWT in snout + PIT tag
1440,VIT ESJ04 LeftEye Green + CWT in Snout or CWT in snout + PIT tag
1441,Vit ESJ04 RightEye Green + CWT in Snout or CWT in snout + PIT tag
1442,VIT ESJ04 RightEye Green + CWT in Snout or CWT in snout + PIT tag
1443,VIT ESJ05 LeftEye Green + CWT in Snout or CWT in snout + PIT tag
1444,VIT ESJ05 RightEye Green + CWT in Snout or CWT in snout + PIT tag
1445,VIT ESJ06 LeftEye Green + CWT in Snout or CWT in snout + PIT tag
1446,Vit ESJ06 RightEye Green + CWT in Snout or CWT in snout + PIT tag
1447,VIT ESJ06 RightEye Green + CWT in Snout or CWT in snout + PIT tag
1448,VIT JCJ01 LeftEye Orange + CWT in Snout or CWT in snout + PIT tag
1449,VIT JCJ01 RightEye Orange + CWT in Snout or CWT in snout + PIT tag
1450,VIT JCJ02 LeftEye Orange + CWT in Snout or CWT in snout + PIT tag
1451,Vit JCJ02 RightEye Orange + CWT in Snout or CWT in snout + PIT tag
1452,VIT JCJ02 RightEye Orange + CWT in Snout or CWT in snout + PIT tag
1453,VIT JCJ03 LeftEye Orange + CWT in Snout or CWT in snout + PIT tag
1454,VIT JCJ03 RightEye Orange + CWT in Snout or CWT in snout + PIT tag
1455,VIT JCJ04 LeftEye Orange + CWT in Snout or CWT in snout + PIT tag
1456,Vit JCJ04 RightEye Orange + CWT in Snout or CWT in snout + PIT tag
1457,VIT JCJ04 RightEye Orange + CWT in Snout or CWT in snout + PIT tag
1458,VIT JCJ05 LeftEye Orange + CWT in Snout or CWT in snout + PIT tag
1459,VIT JCJ05 RightEye Orange + CWT in Snout or CWT in snout + PIT tag
1460,VIT JCJ06 LeftEye Orange + CWT in Snout or CWT in snout + PIT tag
1461,Vit JCJ06 RightEye Orange + CWT in Snout or CWT in snout + PIT tag
1462,VIT JCJ06 RightEye Orange + CWT in Snout or CWT in snout + PIT tag
1463,VOLITIONAL RELEASE STARTED 4/3/22. SCREEN PULLED ON OUTGOING FROM HIGH SLACK TIDE. FINAL FISH OBSERVED GONE FROM TRAP ON 4/14/22.
1464,VOLITIONAL RELEASE STARTED AT DUSK 5/9/21 ON OUTGOING TIDE (4.7' LOW).95% OF FISH GONE BY 11 AM 5/10/21.
1481,Wild Nisqually stock
1482,"Wire multiple lengths: 8,815 at 1.5, 20,741 at 1.0, 3,481 unknown. FLR 132910."
1513,yearling
1514,yearling 1+
1515,Yearling Ad+CWT Sol Duc Release. 5.7CV
1516,yearling release
1517,Yearling release
1518,yearlings
1519,Yearlings
1520,Yearlings Bear Springs
1521,yearlings R.M. 34
1522,yearlings released mile 34
1523,yearlings river mile 34
1524,YP 1
1525,zero age release
1526,Zero age release
1527,zero release
1528,"zero release,late lot, early release"
1529,"Zero Sol Duc Release, rm 30"
1530,"zeros late lot, early release"
1531,Zeros R.M. 30